sub,ses,context,travelled,travelling_match,travelling_overshoot,hamiltonian_match,hamiltonian_overshoot,accuracy,metatask_accuracy,transition_counts,transition_weights,entropy,clicks,reclicks
1,2,1,8.854109803921569,0.9607843137254902,0.20380980392156864,0.3333333333333333,0.8973124183006539,0.9781334102268359,0.989042675893887,24.181818181818183,0.7280441666852346,0.4709212676625747,5.714285714285714,1.7142857142857142
1,2,2,8,0.9868421052631579,0,0.9868421052631579,0,0.9957706766917294,1,33,0.8724607648099028,0.18626445580734186,4.875,0.875
2,2,1,9.031118954248365,0.7973856209150327,0.38081895424836615,0.2875816993464052,1.0282098039215688,0.9824255628177196,1,35,0.6957419154385127,0.23590906896577618,7.857142857142857,3.857142857142857
2,2,2,8.8324125,0.5526315789473685,0.8324125000000001,0.5526315789473685,0.7124986842105264,0.9937865497076024,0.9992690058479532,28.88888888888889,0.6358015461633882,0.5662602273965311,11.875,7.875
3,2,1,9.420449999999999,0.6875,0.7701500000000001,0.38392857142857145,1.3414928571428573,0.6218899962437595,0.7774361238744003,38.6875,0.34854802752990816,2.595712120556105,2.526315789473684,0.18421052631578946
3,2,2,8.970552293577981,0.6055045871559633,0.9705522935779818,0.6055045871559633,0.8413385321100918,0.4408440886664437,0.7056774951993492,53.125,0.3115024371110195,2.756827020588234,3.130434782608696,0.6086956521739131
4,2,1,10.29104778761062,0.4424778761061947,1.6407477876106198,0.26548672566371684,2.2604212389380534,0.6776488976373547,0.9827203609523733,35.86666666666667,0.46375468863660624,-Inf,3.717948717948718,1.1282051282051282
4,2,2,9.3832875,0.49107142857142855,1.3832875000000002,0.49107142857142855,1.213150892857143,0.7656010699734439,0.9945596988795519,24.125,0.51684904963461,1.655694804201374,4,1.2045454545454546
5,2,1,9.81873137254902,0.6013071895424836,0.7701313725490196,0.13071895424836602,1.4596241830065355,0.8949560882512752,0.9633690721203425,26.5,0.356286357707574,2.4053586306447263,4.428571428571429,0.8571428571428571
5,2,2,9.259154605263157,0.5855263157894737,0.6088546052631582,0.32894736842105265,1.1708217105263161,0.9036947153723469,0.970894073032231,22.866666666666667,0.44191420495768324,1.9605611717646803,6.142857142857143,2.142857142857143
6,2,1,9.44262091503268,0.6862745098039216,0.39402091503267983,0.2222222222222222,0.9231444444444441,0.9669675277518415,1,35.25,0.7158277569922177,0.33134103495227696,3.7142857142857144,0.2857142857142857
6,2,2,9.136713157894738,0.7039473684210527,0.48641315789473705,0.375,0.9947407894736844,0.9742481203007519,1,33.875,0.7343984962406015,0.05537448174759445,4,0.25
7,2,1,9.47895575221239,0.672566371681416,0.4303557522123894,0.22123893805309736,0.9284486725663713,0.9614131198201995,1,23.625,0.4016404308553376,0.9586057420246213,3.659090909090909,0.022727272727272728
7,2,2,9.170167857142857,0.625,0.5198678571428574,0.33035714285714285,1.0240089285714289,0.9824404761904761,1,21.125,0.5761801319153277,0.6912597514501279,3.625,0.020833333333333332
8,2,1,9.502546902654867,0.672566371681416,0.45394690265486737,0.168141592920354,1.0503044247787607,0.9564124174743643,0.9834386852085967,15.714285714285714,0.6798079044507616,0.8512331817702617,3.891304347826087,0.2608695652173913
8,2,2,8.817547321428572,0.8928571428571429,0.16724732142857152,0.48214285714285715,0.6558517857142859,0.91796875,0.963578869047619,16.0625,0.7333323462896634,0.9439476721542945,4.4375,0.5208333333333334
9,2,1,9.282883006535949,0.5947712418300654,0.8845830065359475,0.20915032679738563,1.6745718954248363,0.661858585025282,0.8102433916250464,45.5625,0.5089719553202934,2.109044793876076,6.142857142857143,3.4285714285714284
9,2,2,9.810266447368422,0.6381578947368421,0.761666447368421,0.19736842105263158,1.4332973684210524,0.47239132748398976,0.6993669355021848,69.25,0.5343918023897242,2.1069239719094854,6.714285714285714,3.5714285714285716
10,2,1,9.130663815789474,0.6052631578947368,0.7323638157894734,0.25,1.139586184210526,0.7490835331081327,0.9939883676582761,41.75,0.7477114227723682,-Inf,3,0.16666666666666666
10,2,2,9.686986666666668,0.5466666666666666,0.6383866666666668,0.18666666666666668,0.9986199999999996,0.7058518518518518,0.9935555555555555,41.46153846153846,0.7692621992086535,0.6255465889621276,2.625,0
11,2,1,9.966271681415929,0.39823008849557523,1.5679716814159286,0,1.7080654867256633,0.9720736490647995,1,27.375,0.9583333333333334,-3.6908803069473346,4.51063829787234,0.5319148936170213
11,2,2,9.0486,1,0,0.9732142857142857,0.022947321428571414,0.9955357142857143,1,21.625,0.9375,-13.870788837201788,4.319148936170213,0.3191489361702128
12,2,1,8.816193805309736,0.46017699115044247,0.41789380530973413,0.008849557522123894,0.29716902654867233,0.9828908554572271,1,26.714285714285715,0.9110159724232297,-Inf,4.531914893617022,0.5319148936170213
12,2,2,9.0486,1,0,0.9642857142857143,0.04682499999999999,1,1,44.25,1,-33.497711294943116,4.826086956521739,0.8260869565217391
13,2,1,9.0158379084967315,0.738562091503268,0.5437379084967322,0.48366013071895425,0.5643614379084966,0.9721507795037206,0.9913882051136953,18.1875,0.7393077593773096,0.7839506748250249,7.857142857142857,3.857142857142857
13,2,2,8.788809210526315,0.5789473684210527,0.7888092105263159,0.5789473684210527,0.6906980263157896,0.9545243316624895,0.9967105263157895,36.375,0.564764843213119,-Inf,12,8.125
14,2,1,9.069140522875816,0.6143790849673203,0.5970405228758172,0.477124183006536,0.5908111111111108,0.9900923332295881,1,27.75,0.6022372877040205,0.3252959932288823,4.857142857142857,0.8571428571428571
14,2,2,8.739371710526315,0.5789473684210527,0.7393717105263159,0.5789473684210527,0.6194578947368422,0.9983552631578947,0.9983552631578947,45.6,0.5458077614067612,0.3789097313210594,8,4
15,2,1,8.99296017699115,0.672566371681416,0.5208601769911507,0.6017699115044248,0.36911592920353964,0.9807838179519596,0.9982300884955753,20.77777777777778,0.7634391204185255,0.4555282731277285,4.0227272727272725,0.022727272727272728
15,2,2,8.523908035714285,0.6964285714285714,0.5239080357142858,0.6964285714285714,0.4129482142857144,0.9617772108843538,1,26,0.47741896298788067,0.33269069503478826,4,0.043478260869565216
16,2,1,9.018726548672566,0.6283185840707964,0.5466265486725665,0.5132743362831859,0.5900345132743361,0.9611672987779183,1,24,0.556153982165317,-Inf,3.9130434782608696,0.021739130434782608
16,2,2,8.9468,0.42857142857142855,0.9468000000000002,0.42857142857142855,0.9024160714285716,0.9815051020408163,1,30,0.7165013090808874,-Inf,4.021739130434782,0.08695652173913043
17,2,1,8.050974509803922,0.934640522875817,0.050974509803921576,0.934640522875817,0.029315032679738565,0.9901960784313726,1,28.625,0.6589200785773367,0.3567578143588532,5,1
17,2,2,8.777299999999999,0.7828947368421053,0.30520000000000014,0.8618421052631579,0.11504736842105259,0.9882661198450672,1,29.625,0.6615000065327027,0.481667412937821,4.5,0.5
18,2,1,8.171409803921568,0.8954248366013072,0.17140980392156865,0.8954248366013072,0.138921568627451,0.9812999273783588,0.9948257080610021,25.4,0.8152523536004671,0.3864842351630616,6,2
18,2,2,8.992652631578947,0.7171052631578947,0.5205526315789476,0.5855263157894737,0.4341381578947367,0.947592940685046,0.9989035087719298,31.444444444444443,0.6599614242981027,0.6203700914034391,10.125,6.125
19,2,1,8.462397345132743,0.7433628318584071,0.46239734513274344,0.7433628318584071,0.3817469026548673,0.9260468145423898,0.998390989541432,24.4,0.5666593691078817,0.9277474701109679,4.2444444444444445,0.7111111111111111
19,2,2,9.1570875,0.625,0.6849875000000002,0.6607142857142857,0.5521410714285713,0.8928558544629973,0.9977324263038548,27.4,0.6394360132945264,0.8227037234883996,3.6458333333333335,0.125
20,2,1,8.59688053097345,0.6460176991150443,0.5968805309734514,0.6460176991150443,0.4869026548672567,0.9683944374209861,1,27.375,0.3932137356339484,0.8929608150780234,3.851063829787234,0.06382978723404255
20,2,2,9.044139285714285,0.6607142857142857,0.572039285714286,0.5625,0.4518232142857141,0.9764455782312925,0.9970238095238095,20.11111111111111,0.5233006351002956,0.8189584960193873,3.9361702127659575,0.06382978723404255
21,2,1,9.087607843137254,0.6470588235294118,0.5111078431372551,0.2875816993464052,1.1884209150326799,0.9774976657329598,1,33.25,0.47608076303728475,0.8491698816665201,4.142857142857143,0.14285714285714285
21,2,2,9.018277631578947,0.6578947368421053,0.5461776315789476,0.5723684210526315,0.47436513157894716,0.987218045112782,1,28.125,0.6421003120784097,0.4074021859649313,4.75,0.75
22,2,1,8.666113725490195,0.9607843137254902,0.08961372549019611,0.28104575163398693,0.9431934640522877,0.996265172735761,1,32,0.9395450574061996,-Inf,5.428571428571429,1.5714285714285714
22,2,2,9.573147368421052,0.3684210526315789,1.1010473684210533,0.23026315789473684,0.9123789473684207,0.9871031746031746,0.998172514619883,30.375,0.7852011494252873,-Inf,4.125,0.125
23,2,1,9.130018584070797,0.672566371681416,0.5535185840707966,0.24778761061946902,1.2445849557522124,0.5455625157497126,0.8737993444403209,37.125,0.3394221915975796,2.7308443139715077,2.675,0.225
23,2,2,9.287070535714285,0.5446428571428571,0.814970535714286,0.44642857142857145,0.7360642857142855,0.5834978800055785,0.8665691268072682,35.9375,0.34300574890259194,2.6416505590286965,3.0232558139534884,0.23255813953488372
24,2,1,9.442992920353982,0.49557522123893805,0.8664929203539826,0.168141592920354,1.5820584070796462,0.9811209439528024,1,23,0.5879629629629629,0.5914664148843313,3.9148936170212765,0.02127659574468085
24,2,2,9.168225892857143,0.5625,0.6961258928571432,0.45535714285714285,0.6151098214285712,0.9848214285714286,1,34.4,0.4688888888888889,-Inf,3.9166666666666665,0
25,2,1,8.88443660130719,0.6666666666666666,0.30793660130718964,0.2549019607843137,0.9099228758169935,0.996265172735761,1,37,0.7663951665741999,-Inf,7,3
25,2,2,9.451459210526316,0.5,0.9793592105263162,0.25,0.7437763157894733,0.9964285714285714,1,50,0.6962109883051891,0.3713771306764285,5.25,1.25
26,2,1,9.152551633986928,0.6470588235294118,0.5760516339869283,0.26143790849673204,1.355332026143791,0.9941176470588236,1,34.5,0.7708993251533379,0.24924724286120872,11.285714285714286,7.285714285714286
26,2,2,9.2576125,0.6118421052631579,0.7855125000000003,0.3618421052631579,0.7932078947368418,0.9956140350877193,1,37.42857142857143,0.7773037265085094,-Inf,10.75,6.75
27,2,1,8.768273451327433,0.8495575221238938,0.1917734513274337,0.3008849557522124,0.9432672566371683,0.9469342604298356,0.9944690265486725,23.666666666666668,0.6407231090583331,-Inf,4.2727272727272725,0.29545454545454547
27,2,2,8.881511607142857,0.7410714285714286,0.40941160714285735,0.5178571428571429,0.41610535714285696,0.9847789115646258,1,21.125,0.5956521739130435,0.4695139610900199,4.382978723404255,0.5106382978723404
28,2,1,9.298213274336282,0.5398230088495575,0.7217132743362834,0.1592920353982301,1.6419035398230089,0.9698621336440181,0.9938617039736248,22.4,0.5524511342998738,-Inf,4.130434782608695,0.34782608695652173
28,2,2,9.201184821428571,0.6071428571428571,0.7290848214285717,0.4375,0.7302883928571426,0.9416428313749742,0.9877976190476191,23.5,0.4827362873838792,-Inf,4.104166666666667,0.3333333333333333
29,2,1,9.404179084967321,0.7189542483660131,0.35557908496732027,0.3464052287581699,1.003175816993464,1,1,57.75,0.6497469096334186,0.22030872076182934,4.142857142857143,0.14285714285714285
29,2,2,8.86535,0.6513157894736842,0.2888500000000001,0.26973684210526316,1.146204605263158,1,1,59,0.6833452893352463,0.19811099386279152,4,0
30,2,1,9.601812418300653,0.6209150326797386,0.5532124183006536,0.21568627450980393,1.1671568627450977,0.9976232917409388,1,30.625,0.7243151579947731,0.377697694405603,4.857142857142857,0.8571428571428571
30,2,2,8.978821710526315,0.6710526315789473,0.40232171052631593,0.2631578947368421,1.1319625,0.9986842105263158,0.9986842105263158,60.5,0.45933441558441557,-Inf,5.375,1.375
31,2,1,9.786672321428572,0.6160714285714286,0.7380723214285715,0.22321428571428573,1.4106374999999998,0.8729870080316509,0.9934485157699443,30.9,0.5916251709814417,-Inf,4.159090909090909,0.5454545454545454
31,2,2,9.168850892857142,0.5714285714285714,0.592350892857143,0.29464285714285715,1.29959375,0.8178571428571428,0.9884353741496599,30.166666666666668,0.6281263840635365,1.16007680269872,4,0.4666666666666667
32,2,1,9.9383125,0.5982142857142857,0.8897125,0.20535714285714285,1.5816214285714283,0.572547086131699,0.8035776684349993,37.5,0.3515636158963915,2.732642614807782,2.682926829268293,0.3902439024390244
32,2,2,9.506006306306306,0.6036036036036037,0.9295063063063066,0.14414414414414414,1.7281693693693694,0.5642996896092871,0.7956646825067878,40.5625,0.3421975541305108,2.8033122426053274,3,0.475
33,2,1,8.898841176470588,0.45751633986928103,0.8988411764705884,0.45751633986928103,0.6605797385620916,0.9934640522875817,1,36.714285714285715,0.47782553468037336,-Inf,4.142857142857143,0.14285714285714285
33,2,2,8.669453947368421,0.618421052631579,0.6694539473684211,0.618421052631579,0.4841322368421054,0.9853070175438596,0.9978070175438597,29.375,0.6149075078393209,-Inf,4.125,0.125
34,2,1,8.62810588235294,0.6209150326797386,0.6281058823529413,0.6209150326797386,0.5035601307189543,0.978182384064737,1,31.75,0.691226025509593,0.12897305355047547,5.857142857142857,1.8571428571428572
34,2,2,8.316119078947368,0.8092105263157895,0.31611907894736846,0.8092105263157895,0.25071118421052635,1,1,55.5,0.7456739274657231,0.1685744930212767,5.375,1.375
35,2,1,8.04398849557522,0.9734513274336283,0.04398849557522125,0.9734513274336283,0.021992920353982308,0.9866835229667088,1,23.75,0.8446781913985106,0.2841061475133202,3.9574468085106385,0
35,2,2,8.01479375,0.9910714285714286,0.014793750000000003,0.9910714285714286,0.014793750000000003,0.9964285714285714,1,34.6,0.6447809654595934,-Inf,3.9166666666666665,0.020833333333333332
36,2,1,8.47706017699115,0.7345132743362832,0.4770601769911505,0.7345132743362832,0.3964097345132744,0.8482782949597109,0.9549033316732431,19.5625,0.42813916230393856,1.9142420820100592,3.6,0.2222222222222222
36,2,2,8.432605357142858,0.7857142857142857,0.4326053571428572,0.7857142857142857,0.3808241071428572,0.8415484186098682,0.9628649755356689,26.166666666666668,0.41585917214584067,1.6582449371250054,4.0212765957446805,0.425531914893617
37,2,1,8.995643137254902,0.7516339869281046,0.4191431372549021,0.39869281045751637,0.9692490196078432,0.8956288802070536,0.945557009353449,26.75,0.3669095762784392,2.0773141725738524,4.571428571428571,0.5714285714285714
37,2,2,9.381956578947369,0.743421052631579,0.3333565789473685,0.29605263157894735,0.8004848684210523,0.9476105035315562,0.9660894660894661,17.5,0.48460062141651483,1.7082181383421104,5,1
38,2,1,9.09524248366013,0.6209150326797386,0.5187424836601309,0.2875816993464052,1.1434758169934642,0.9340272472625414,1,34.75,0.4086017175407071,1.0276354784243962,3.7142857142857144,0.2857142857142857
38,2,2,9.377251315789474,0.743421052631579,0.32865131578947376,0.21710526315789475,1.003102631578947,0.88125,1,41.75,0.3933016587501832,0.982604693975491,4.875,0.875
39,2,1,9.169099115044247,0.672566371681416,0.592599115044248,0.23008849557522124,1.2726238938053098,0.6214541849497601,0.9631534885959665,28.25,0.40922258297258296,2.033525577209954,2.230769230769231,0.05128205128205128
39,2,2,9.90274642857143,0.4732142857142857,0.8541464285714286,0.21428571428571427,1.2930839285714282,0.5498254969237112,0.957135436488115,32.625,0.30967728051386617,2.4982843713729976,2.6,0.075
40,2,1,8.767823893805309,0.9203539823008849,0.19132389380530979,0.3008849557522124,1.022958407079646,0.9562697258493719,0.9942477876106195,25.5,0.7989013703442116,0.62187421988066,4.212765957446808,0.2765957446808511
40,2,2,9.108674107142857,0.9464285714285714,0.06007410714285715,0.375,0.7079562499999997,0.9769345238095238,0.9952876984126984,20.555555555555557,0.8534565850457323,0.19908048084241192,4.020833333333333,0.08333333333333333
41,2,1,8.766960130718955,0.673202614379085,0.36866013071895404,0.24183006535947713,0.9264464052287579,0.9986928104575163,1,63.75,0.4443802521008403,-Inf,4.428571428571429,0.42857142857142855
41,2,2,9.66911447368421,0.5328947368421053,0.5161144736842103,0.3026315789473684,1.0852171052631576,0.9879124895572264,1,33.25,0.6610076831252797,0.1566798681404075,4.75,0.75
42,2,1,8.721937254901961,0.6470588235294118,0.32363725490196055,0.3464052287581699,0.7894751633986925,0.9886399004046063,1,35.285714285714285,0.7291682800852014,-Inf,5.714285714285714,1.7142857142857142
42,2,2,9.352003289473684,0.8223684210526315,0.1990032894736841,0.7302631578947368,0.3923263157894736,0.9967105263157895,1,36.714285714285715,0.7488395968675177,-Inf,4.75,0.75
43,2,1,9.071882300884957,0.6991150442477876,0.6735823008849555,0.26548672566371684,1.2521628318584068,0.663470103267084,0.9958842534063773,38.09090909090909,0.5805363601760137,1.1211030847794095,2.4871794871794872,0.23076923076923078
43,2,2,9.624229464285715,0.5982142857142857,0.47122946428571405,0.38392857142857145,1.0450526785714283,0.6136973145901717,0.985406037414966,39.18181818181818,0.46469240138449835,1.2931117720646406,3.0697674418604652,0.5116279069767442
44,2,1,8.812764601769912,0.7433628318584071,0.4144646017699113,0.39823008849557523,0.820946902654867,0.8779709228824273,0.9782743362831858,16.875,0.6514149958228905,1.2462340620196037,5.045454545454546,1.4318181818181819
44,2,2,9.261380357142858,0.8928571428571429,0.10838035714285711,0.6160714285714286,0.5846910714285712,0.9013897065236351,0.9970810439560439,25.3,0.6515930045786407,0.7443518890283518,4.7272727272727275,1
45,2,1,9.063645751633986,0.6470588235294118,0.41334575163398724,0.3464052287581699,0.984934640522876,0.9464363523187053,0.9989106753812637,31.555555555555557,0.43925493584530584,1.0522102693148692,4.666666666666667,0.6666666666666666
45,2,2,9.678936184210526,0.5197368421052632,0.525936184210526,0.32894736842105265,1.0128624999999998,0.9489348370927319,1,36.375,0.35863447528534503,1.063810976190087,5.125,1.125
46,2,1,9.347298692810458,0.6535947712418301,0.6969986928104578,0.39869281045751637,1.2238470588235295,0.898013079875825,0.9356665121371004,23.666666666666668,0.5004903956093574,1.6677899898883677,5.714285714285714,1.8571428571428572
46,2,2,9.533042763157894,0.6907894736842105,0.38004276315789454,0.42105263157894735,0.9074059210526314,0.9718026125920862,0.99210811118705855,21.071428571428573,0.49004394814586105,1.5080958216074938,3.125,0
47,2,1,9.261904424778761,0.6106194690265486,0.6116044247787613,0.4247787610619469,1.0410716814159293,0.6202894956278611,0.7931822645513431,36.8125,0.2618777261345671,3.0548279798992173,2.891304347826087,0.391304347826087
47,2,2,9.785397321428572,0.5803571428571429,0.6323973214285712,0.38392857142857145,1.2255133928571427,0.6535656147240304,0.8353349984438575,35.0625,0.2770440443065765,2.9732692033406574,3.297872340425532,0.2765957446808511
48,2,1,9.355741592920355,0.6637168141592921,0.7054415929203541,0.40707964601769914,1.1121274336283187,0.7476225593482231,0.9909046214355949,37.5,0.5078797477382383,1.0933034197418776,3.0930232558139537,0.3488372093023256
48,2,2,9.23244375,0.9375,0.07944375,0.6785714285714286,0.49998660714285703,0.8446810134310134,0.9976343101343101,30.77777777777778,0.47699489474141366,0.9951541411328503,3.8205128205128207,0.46153846153846156
49,2,1,8.99844705882353,0.6470588235294118,0.42194705882352956,0.2679738562091503,1.1891888888888889,0.9765432098765432,0.9918845315904139,17.5,0.673908325352875,1.0273423621832105,4.714285714285714,0.7142857142857143
49,2,2,9.016181578947368,0.6973684210526315,0.43968157894736853,0.35526315789473684,0.9957059210526317,0.9809193912812334,0.9909556087187666,17.875,0.6207439944411356,1.091198201642689,5.375,1.375
50,2,1,9.015076470588236,0.7320261437908496,0.4385764705882354,0.24836601307189543,1.1481333333333335,0.9850918145035792,0.9975723622782446,16.375,0.7111803890835331,0.9675356297805762,4.714285714285714,0.8571428571428571
50,2,2,9.139930263157893,0.6710526315789473,0.5634302631578949,0.27631578947368424,1.2966309210526317,0.9688910341978134,0.996410580345792,20.285714285714285,0.6368859685091028,1.0002598734564743,4.5,0.75
51,2,1,8.847656637168141,0.7964601769911505,0.27115663716814165,0.37168141592920356,0.936437168141593,0.8767453294001967,1,32.375,0.4942630323281919,0.9485043398092025,3.380952380952381,0.11904761904761904
51,2,2,9.048905357142857,0.7232142857142857,0.47240535714285725,0.24107142857142858,1.2356741071428572,0.8528446795384821,1,36.25,0.42064965780998387,1.0020702207030296,3.840909090909091,0.25
52,2,1,8.838698198198198,0.7297297297297297,0.2621981981981983,0.34234234234234234,0.7506801801801802,0.8682234182234182,0.9978939978939979,29.444444444444443,0.48082388483530153,1.0920297476735543,3.4893617021276597,0.0851063829787234
52,2,2,8.84179009009009,0.7567567567567568,0.26529009009009014,0.36036036036036034,0.7448315315315316,0.892053592053592,0.9941738441738441,15.333333333333334,0.6457509157509157,1.1904408388167682,3.369565217391304,0.06521739130434782
53,2,1,9.534282352941176,0.6470588235294118,0.38128235294117624,0.49673202614379086,0.6691248366013071,0.9967320261437909,1,31.875,0.7681450654740702,0.34702372370712525,3.857142857142857,0
53,2,2,9.51004144736842,0.6842105263157895,0.35704144736842086,0.5657894736842105,0.5968973684210525,0.9821941216678058,1,31.625,0.6021956837071617,0.5953437256202719,4.75,1
54,2,1,10.28169411764706,0.7647058823529411,1.1286941176470586,0.45098039215686275,1.7603098039215683,0.8935957304206138,0.9749890251639161,28.6875,0.475379316998752,1.954391915420234,9.142857142857142,5.285714285714286
54,2,2,9.810743421052631,0.8486842105263158,0.6577434210526315,0.4605263157894737,1.336157894736842,0.9037863276873274,0.9825617406450389,25.8,0.5703442301203495,1.4343889089906767,11,7.375
55,2,1,9.731130973451327,0.5398230088495575,0.5781309734513271,0.36283185840707965,1.094567256637168,0.8354789507444375,0.9650616099731144,29.272727272727273,0.39663551627672483,1.5371735342804305,3.2444444444444445,0.13333333333333333
55,2,2,9.620545535714285,0.6428571428571429,0.4675455357142855,0.4017857142857143,1.013835714285714,0.7380241038723182,0.9369967829789259,36.8,0.3255125088215884,1.6104504353753677,3.260869565217391,0.21739130434782608
56,2,1,10.174375221238938,0.504424778761062,1.0213752212389378,0.30973451327433627,1.497308849557522,0.5699040227743069,0.9739394577890154,35.8125,0.44809897910761926,1.944288982325096,3.3684210526315788,0.9736842105263158
56,2,2,10.209624107142858,0.5892857142857143,1.056624107142857,0.42857142857142855,1.6749919642857143,0.5415686918706877,0.9513543106636594,32.6875,0.5207732390896128,1.7813697422421213,3.8048780487804876,1.2682926829268293
57,2,1,9.550443137254902,0.39869281045751637,1.0783431372549026,0.26143790849673204,0.9492457516339866,1,1,55.5,0.9331122070945633,0.08059666396190517,7,3
57,2,2,9.847038815789475,0.4144736842105263,0.7984388157894738,0.16447368421052633,1.3384052631578944,0.9908364661654135,0.9908364661654135,46,0.9307389937106918,0.051395578085264765,7.625,3.625
58,2,1,8.849173026315789,0.7763157894736842,0.3770730263157897,0.5723684210526315,0.23348947368421036,0.9962406015037594,1,31.857142857142858,0.7097779170147591,-Inf,4,0
58,2,2,9.607243421052631,0.5921052631578947,0.5586434210526317,0.17763157894736842,1.0021092105263154,0.9825657894736842,0.9964912280701754,29.875,0.7133881199310182,-Inf,4,0.5714285714285714
59,2,1,9.24065221238938,0.5486725663716814,0.768552212389381,0.3893805309734513,0.5549327433628316,0.9662733529990167,1,25,0.6042925971932057,0.5388306631041796,3.8260869565217392,0.043478260869565216
59,2,2,9.737516964285716,0.5089285714285714,0.6889169642857144,0.125,1.1390848214285711,0.9618622448979591,0.9982142857142857,22.666666666666668,0.5942096136700294,0.7243769229310268,3.888888888888889,0.08888888888888889
60,2,1,9.388853097345132,0.6017699115044248,0.916753097345133,0.40707964601769914,0.988159292035398,0.6854888534436581,0.9117998544274984,30,0.2666547452436958,2.6881560395427146,3.4468085106382977,0.723404255319149
60,2,2,10.227265178571429,0.49107142857142855,1.1786651785714286,0.24107142857142858,1.8203589285714283,0.6820129392083174,0.9004208174037619,33.625,0.2801450664660359,2.7094423726278114,3.6382978723404253,0.7659574468085106
61,2,1,9.212813725490197,0.49019607843137253,0.8145137254901957,0.16993464052287582,1.5906346405228753,0.9661559573324279,0.9925034660328778,25.727272727272727,0.6204544968634247,0.7327693507151866,5.571428571428571,1.5714285714285714
61,2,2,9.761943421052631,0.5131578947368421,0.7133434210526316,0.2236842105263158,1.2431769736842102,0.9644947705802969,0.9919956140350877,25.818181818181817,0.5260879252607131,1.1046477240370596,5.75,1.75
62,2,1,9.52666274509804,0.48366013071895425,1.128362745098039,0.1568627450980392,2.0782699346405225,0.7104581762165384,0.9174614947827174,40.9375,0.38119758218414435,2.525396345677693,6,2.75
62,2,2,9.702295394736842,0.6052631578947368,0.6536953947368421,0.21710526315789475,1.3598092105263155,0.6936922742505173,0.9133915356873948,33.375,0.31974004206664247,2.5514407057108253,3.875,0.875
63,2,1,8.828459292035399,0.831858407079646,0.4301592920353981,0.504424778761062,0.8270318584070795,0.9678852366905464,0.9944690265486725,17,0.6261162261162261,1.1697571238366704,5.2444444444444445,1.511111111111111
63,2,2,9.305357142857144,0.8482142857142857,0.25675714285714285,0.4642857142857143,0.7015008928571427,0.9613847462061748,0.9988839285714286,20.22222222222222,0.6411571681136898,0.5233841444857397,5.625,1.8541666666666667
64,2,1,10.270019469026549,0.504424778761062,1.8717194690265484,0.1415929203539823,2.659709734513274,0.6039518108505049,0.8610997854092484,44.125,0.34155832651859247,2.544751541413278,4.117647058823529,1.3235294117647058
64,2,2,10.154713392857143,0.5535714285714286,1.106113392857143,0.30357142857142855,1.5989571428571425,0.5525723094765236,0.8553422917073061,36.1875,0.3441897341495274,2.425850179995997,4.348837209302325,1.697674418604651
65,2,1,9.006090196078432,0.6601307189542484,0.3557901960784317,0.6339869281045751,0.5769875816993465,0.9722716567917806,0.9895798903538842,23.833333333333332,0.6713763575605681,0.9646303232382439,4.571428571428571,0.5714285714285714
65,2,2,8.051309868421052,0.9671052631578947,0.05130986842105264,0.9671052631578947,0.02950789473684211,0.9901315789473685,1,30,0.6329502509911298,0.32470853773669567,3.875,0.375
66,2,1,8.993454901960785,0.6339869281045751,0.34315490196078463,0.5294117647058824,0.6232071895424838,0.9827575474634298,1,32.625,0.6268218479252166,0.5592264379591396,5.571428571428571,1.5714285714285714
66,2,2,8.1725375,0.8881578947368421,0.1725375,0.8881578947368421,0.13438486842105266,0.9843984962406015,1,28.125,0.630181815912948,0.4027460293036879,4.75,0.75
67,2,1,8.850581415929204,0.6991150442477876,0.20028141592920384,0.6637168141592921,0.47116017699115054,0.9250794927786078,0.995575221238938,25.444444444444443,0.5619068368087976,0.8141583808718356,3.9130434782608696,0.15217391304347827
67,2,2,8.128809821428572,0.9196428571428571,0.12880982142857145,0.9196428571428571,0.0918232142857143,0.9331065759637188,0.9990079365079365,24.333333333333332,0.6375931829227107,0.6491893644380213,3.7708333333333335,0.1875
68,2,1,8.866704424778762,0.6991150442477876,0.21640442477876135,0.5309734513274337,0.6882884955752214,0.8930161284143585,1,30.5,0.5366661628639603,0.8318885891231755,4.177777777777778,0.6444444444444445
68,2,2,8.164523214285714,0.8839285714285714,0.16452321428571431,0.8839285714285714,0.12753839285714288,0.8717049319727891,0.9955357142857143,31.625,0.6325709760868179,-Inf,3.9555555555555557,0.6666666666666666
69,2,1,9.065820261437908,0.9738562091503268,0.017220261437908498,0.3202614379084967,0.7404705882352938,0.9964349376114082,1,28,0.9193848764702875,0.11951114451746456,4,0
69,2,2,8.686223026315789,0.9802631578947368,0.03592302631578949,0.4605263157894737,0.6207381578947371,0.9967105263157895,1,35.857142857142854,0.9772609329123566,-Inf,4,0
70,2,1,9.53584183006536,0.7908496732026143,0.4872418300653595,0.477124183006536,0.8327607843137252,0.7791465093368207,0.9550899747843231,27.625,0.5090488773339006,1.5029014656913233,4.142857142857143,0.8571428571428571
70,2,2,9.3049875,0.506578947368421,0.6546875000000004,0.5657894736842105,0.9396434210526318,0.8106246823352087,0.9655419507393191,34.916666666666664,0.48780335395608115,1.5002860308419712,5.25,1.625
71,2,1,9.742089380530974,0.672566371681416,0.6934893805309735,0.23893805309734514,1.3148592920353979,0.8352678326843328,0.9661944575233185,19.75,0.5448879682136861,1.5320953656724878,3.235294117647059,0.35294117647058826
71,2,2,9.715953571428571,0.5446428571428571,1.0656535714285718,0.38392857142857145,1.5863107142857145,0.661027592855324,0.84690381834552,35.642857142857146,0.6672660578974616,1.2137584926477347,3.8636363636363638,0.5454545454545454
72,2,1,9.814612389380532,0.6371681415929203,0.7660123893805308,0.23008849557522124,1.3769955752212386,0.3907689715464586,0.6390733789028947,68.3125,0.3599921126456185,2.3759896601791595,3.3095238095238093,0.9761904761904762
72,2,2,9.642500892857143,0.5535714285714286,0.9922008928571431,0.32142857142857145,1.4580223214285715,0.45827476150818974,0.6629728692201741,53.1875,0.3789040175029885,2.4513650598782073,3.1,0.725
73,2,1,9.119418954248367,0.5686274509803921,0.7211189542483657,0.0718954248366013,1.2909973856209147,0.9978213507625272,1,43.8,0.6645806658130602,0.19124005821897885,4.142857142857143,0.14285714285714285
73,2,2,9.181003289473685,0.9013157894736842,0.13240328947368424,0.6710526315789473,0.3771210526315788,0.9947368421052631,1,32.142857142857146,0.7995792304621349,-Inf,4.125,0.125
74,2,1,8.568553594771242,0.9084967320261438,0.17025359477124177,0.37254901960784315,0.709376470588235,0.9869281045751634,0.9992737835875091,27.88888888888889,0.8083465479164404,-0.25278380587980387,4.285714285714286,0.2857142857142857
74,2,2,9.184131578947369,0.8947368421052632,0.13553157894736842,0.5986842105263158,0.399653289473684,1,1,60.5,0.6204842587821311,0.24921583318934298,5.5,1.625
75,2,1,8.469214159292036,0.9646017699115044,0.07091415929203537,0.04424778761061947,0.9789123893805307,0.9107002387975839,0.9931205225453013,23.5,0.8254877942782035,-Inf,4.478260869565218,0.5434782608695652
75,2,2,9.12335,0.9732142857142857,0.07475,0.9107142857142857,0.16106249999999997,0.9704313543599258,0.994724025974026,21.333333333333332,0.8665747633489569,-3.0320694867876967,4.128205128205129,0.20512820512820512
76,2,1,9.0310796460177,0.5929203539823009,0.6327796460176988,0.23893805309734514,1.228889380530973,0.9236704789802135,1,32.75,0.5238901928993539,0.8111732237448399,3.6511627906976742,0.09302325581395349
76,2,2,9.525388392857144,0.6875,0.4767883928571429,0.29464285714285715,0.9709214285714283,0.9070507369614512,0.9952168367346939,25.454545454545453,0.5671617829961982,-Inf,4.0638297872340425,0.2978723404255319
77,2,1,9.093156862745097,0.6470588235294118,0.6210568627450983,0.47058823529411764,0.5910594771241827,0.9641661715191127,0.9893906384102462,18.733333333333334,0.5950478386347952,-Inf,4.5,0.6666666666666666
77,2,2,8.76062302631579,0.6118421052631579,0.7606230263157896,0.6118421052631579,0.6625111842105265,0.9650898078529657,0.9889358813700919,17.6875,0.5866745017135642,1.4077902836330538,5.625,1.875
78,2,1,8.930575163398693,0.7124183006535948,0.45847516339869293,0.5163398692810458,0.4528660130718952,0.9954611474219317,1,31.5,0.7638295259150086,0.42942139502827403,8.428571428571429,4.428571428571429
78,2,2,8.241134868421053,0.8618421052631579,0.24113486842105267,0.8618421052631579,0.18117894736842108,0.9722587719298246,0.9970760233918129,29.333333333333332,0.6614278464696984,0.4210980041707567,6.75,2.75
79,2,1,8.999083185840707,0.6548672566371682,0.5269831858407082,0.5929203539823009,0.38359557522123877,0.9384112937210283,0.9985250737463127,22.1,0.6035100852957995,0.9392995175985653,4.1521739130434785,0.1956521739130435
79,2,2,8.430811607142857,0.7678571428571429,0.4308116071428572,0.7678571428571429,0.29766071428571433,0.9546768707482993,1,26.875,0.5126910222944276,0.836870517661712,4.086956521739131,0.21739130434782608
80,2,1,8.922754867256637,0.6902654867256637,0.45065486725663734,0.7079646017699115,0.2462654867256636,0.9642330383480826,0.9982300884955753,28.875,0.6181171645718441,-Inf,4.543478260869565,0.5869565217391305
80,2,2,8.361176785714285,0.7946428571428571,0.36117678571428574,0.7946428571428571,0.27980625000000003,0.9733630952380953,1,25.75,0.5664175724637681,0.7098402642647352,4.958333333333333,1
81,2,1,8.985476470588235,0.40522875816993464,0.9854764705882354,0.40522875816993464,0.7905352941176472,1,1,62.25,0.9683406647116324,0.0486359465883701,4,0
81,2,2,9.636836184210527,0.3355263157894737,1.164736184210527,0.17763157894736842,1.0962973684210522,0.9967105263157895,1,36.857142857142854,0.9976958525345622,-Inf,4,0
82,2,1,8.96644183006536,0.47058823529411764,0.9664418300653597,0.47058823529411764,0.7931620915032681,0.9688920012449425,1,32.125,0.4336571215669576,0.9325464462619708,4.714285714285714,0.7142857142857143
82,2,2,9.295733552631578,0.5,0.8236335526315793,0.3881578947368421,0.8158039473684208,0.9573882623224729,0.9991776315789473,28.555555555555557,0.5028265693062327,0.9843317040388093,4.75,0.75
83,2,1,8.485650442477876,0.7345132743362832,0.4856504424778762,0.7345132743362832,0.38300530973451336,0.9528023598820059,1,26.25,0.5526574984753669,0.8102564548528086,4.133333333333334,0.24444444444444444
83,2,2,8.955170535714286,0.7142857142857143,0.483070535714286,0.42857142857142855,0.38392142857142836,0.915079365079365,1,28.375,0.5278074866310161,0.9196369881090496,4.0212765957446805,0.10638297872340426
84,2,1,8.22349646017699,0.8938053097345132,0.22349646017699118,0.8938053097345132,0.1941699115044248,0.9345496195053717,0.9905907268739127,21.5,0.7213617192248233,0.8624879344088873,6.8,3.022222222222222
84,2,2,9.498385714285714,0.39285714285714285,1.026285714285715,0.2767857142857143,0.8533339285714282,0.9374280962384954,0.9982142857142857,23.77777777777778,0.7363031507003355,0.5898992444291575,5.680851063829787,1.8085106382978724
85,2,1,8.938678431372548,0.7908496732026143,0.3621784313725491,0.2875816993464052,1.1436581699346406,0.8952675177133381,0.9740610954233245,21.466666666666665,0.5390513355737526,1.204812612251456,4.285714285714286,0.2857142857142857
85,2,2,9.161007894736843,0.5921052631578947,0.6889078947368424,0.47368421052631576,0.5940888157894735,0.98765664160401,1,32.5,0.6156006848634002,0.6129344203640448,4.625,0.625
86,2,1,9.064159477124182,0.6274509803921569,0.48765947712418317,0.26143790849673204,1.1985921568627451,0.9886347131445171,0.9957879448075526,26.666666666666668,0.6272370288762772,0.44185922932012034,4.714285714285714,0.7142857142857143
86,2,2,9.143409210526315,0.5921052631578947,0.671309210526316,0.5394736842105263,0.6299427631578945,0.9957236842105263,1,27.25,0.72927963849016475,0.377705590146999,4.5,0.625
87,2,1,8.923032743362832,0.6991150442477876,0.346532743362832,0.19469026548672566,1.1663761061946902,0.9282604809153482,0.9981317600786628,23.6,0.5576324837952745,1.0203050722736682,4.222222222222222,0.37777777777777777
87,2,2,9.059636607142856,0.7053571428571429,0.5875366071428574,0.45535714285714285,0.6089812499999998,0.9281816893424036,0.9962797619047619,20.3,0.6606700409426378,0.8164539618292054,4.111111111111111,0.2222222222222222
88,2,1,9.30129646017699,0.6991150442477876,0.7247964601769913,0.3274336283185841,1.438824778761062,0.6404309811475746,0.9235882116855851,36.3125,0.37119465911407484,2.267480457456147,2.7948717948717947,0.1794871794871795
88,2,2,9.077074999999999,0.6517857142857143,0.6049750000000002,0.6071428571428571,0.5480116071428569,0.6170293710586308,0.9420487582991729,29.75,0.37653285591397523,2.151672809581292,2.675,0.275
89,2,1,8.59439019607843,0.9803921568627451,0.017890196078431383,0.9673202614379085,0.03963006535947713,1,1,54,0.8583964646464646,-2.0838429101830425,6.285714285714286,2.2857142857142856
89,2,2,9.207382894736842,0.5921052631578947,0.7352828947368426,0.2894736842105263,0.2903039473684207,1,1,52.25,0.7817156862745098,-0.4269117769114113,4.5,0.5
90,2,1,9.321574509803922,0.38562091503267976,0.7450745098039218,0.27450980392156865,1.3520235294117646,0.9624720595308831,0.9857468239821181,21.133333333333333,0.8376193090323525,0.5854043149037934,7.285714285714286,3.2857142857142856
90,2,2,8.84153092105263,0.8355263157894737,0.36943092105263176,0.5723684210526315,0.3867809210526314,0.9457602339181287,0.9894736842105263,25.666666666666668,0.712741738845366,0.3984805592086222,6.125,2.125
91,2,1,8.801276991150441,0.8407079646017699,0.22477699115044256,0.37168141592920356,0.8563053097345134,0.947724399494311,0.997850821744627,22.6,0.6038497425997426,0.8153263259282512,3.9130434782608696,0.08695652173913043
91,2,2,9.026726785714285,0.6785714285714286,0.5546267857142859,0.7321428571428571,0.30076874999999986,0.9395195578231292,0.9993622448979592,23.444444444444443,0.5884492804163899,0.7646718363547325,4.0212765957446805,0.1276595744680851
92,2,1,8.965041592920354,0.5309734513274337,0.3885415929203541,0.5221238938053098,0.3988274336283187,0.978086809945217,1,26.428571428571427,0.9551672621659458,-Inf,4.085106382978723,0.0851063829787234
92,2,2,9.327175,0.5357142857142857,0.8550750000000006,0.2767857142857143,0.28029642857142817,1,1,39.75,0.9952830188679245,-31.547494061038837,4.0625,0.0625
93,2,1,9.604556862745099,0.6013071895424836,0.5559568627450981,0.2222222222222222,1.1658013071895421,0.9191919191919192,0.9834168010638599,19.666666666666668,0.4651485344184835,-Inf,4.714285714285714,0.7142857142857143
93,2,2,9.11195855263158,0.6710526315789473,0.5354585526315792,0.26973684210526316,1.270671052631579,0.822457695812959,0.8888678572889099,25.2,0.47658486578816034,1.6486699894439971,4.625,0.75
94,2,1,9.943703921568629,0.43790849673202614,0.8951039215686275,0.1895424836601307,1.4694973856209146,0.703623698283141,0.9367949855823953,35.6875,0.5348926146397511,1.8015296929537965,1.6666666666666667,0
94,2,2,9.003892105263157,0.7302631578947368,0.427392105263158,0.17105263157894737,1.3899434210526316,0.7288746812205953,0.9680684716176406,31.75,0.5239471719665975,1.7831484130031854,3.375,0.375
95,2,1,9.353330088495575,0.8407079646017699,0.3047300884955752,0.45132743362831856,0.7457734513274334,0.8203723513458027,0.9846378056555047,23.916666666666668,0.49437360983242706,1.397053002467545,3.8636363636363638,0.4318181818181818
95,2,2,9.049072321428572,0.7589285714285714,0.4725723214285716,0.36607142857142855,1.0882214285714287,0.7638278636046493,0.990826955782313,34.1,0.4744152155034508,1.271502912950111,4.2,0.7333333333333333
96,2,1,9.809795575221239,0.46017699115044247,0.761195575221239,0.13274336283185842,1.330642477876106,0.7521540406496159,0.9800468950911428,32.166666666666664,0.42554793982675715,1.5975595396385012,2.933333333333333,0.044444444444444446
96,2,2,9.237153571428571,0.7142857142857143,0.6606535714285716,0.24107142857142858,1.371332142857143,0.8240380126409538,0.9765687204368927,28.454545454545453,0.40939986989010596,1.570067126939232,3.595744680851064,0.48936170212765956
97,2,1,8.734539215686274,0.5882352941176471,0.7345392156862747,0.5882352941176471,0.5775045751633988,0.9852941176470589,0.9972766884531591,20.166666666666668,0.6231921796294715,0.6830085941799683,6.142857142857143,2.142857142857143
97,2,2,8.888236184210527,0.5394736842105263,0.8882361842105264,0.5394736842105263,0.7247197368421053,0.9906997607655502,1,33.25,0.5917826450456777,0.48180189510613597,5.285714285714286,1.2857142857142858
98,2,1,8.134437908496732,0.9019607843137255,0.13443790849673204,0.9019607843137255,0.10736274509803924,0.9873015873015873,1,36.42857142857143,0.6196851643911917,-Inf,4.714285714285714,0.7142857142857143
98,2,2,8.141708552631579,0.9078947368421053,0.14170855263157897,0.9078947368421053,0.1199059210526316,1,1,58.25,0.49490390057028427,0.31680419500089085,4.125,0.125
99,2,1,8.52104778761062,0.6814159292035398,0.5210477876106195,0.6814159292035398,0.4330672566371682,0.814132794442529,0.9970501474926253,40.75,0.30674770855923006,-Inf,3.239130434782609,0.043478260869565216
99,2,2,8.807112612612613,0.6216216216216216,0.8071126126126127,0.6216216216216216,0.717545945945946,0.8216703716703717,0.9988738738738738,33,0.4257363999464349,1.1802225351456352,3.2888888888888888,0.08888888888888889
100,2,1,8.370124778761062,0.831858407079646,0.370124778761062,0.831858407079646,0.3114699115044248,0.944215911915027,1,29.25,0.5122178416821274,0.7887253875040807,4.446808510638298,0.7021276595744681
100,2,2,8.40301607142857,0.8035714285714286,0.4030160714285715,0.8035714285714286,0.32904375,0.9709892290249433,1,25.125,0.5661844776670358,0.7703880628309905,4.574468085106383,0.7659574468085106
